,Product Name,Price
0,"realme Narzo 50i (Mint Green, 32 GB)","₹7,499"
1,"realme Narzo 50i (Carbon Black, 32 GB)","₹7,499"
2,"realme Narzo 50i (Mint Green, 64 GB)","₹8,999"
3,Ecotel E16,₹750
4,"realme Narzo 50i (Carbon Black, 64 GB)","₹8,999"
5,"SAMSUNG Galaxy F12 (Sea Green, 64 GB)","₹11,499"
6,"realme Narzo 50A (Oxygen Green, 128 GB)","₹12,499"
7,"realme Narzo 50A (Oxygen Blue, 128 GB)","₹12,499"
8,"realme Narzo 50A (Oxygen Blue, 64 GB)","₹11,549"
9,"realme Narzo 50A (Oxygen Green, 64 GB)","₹11,549"
10,"realme C21Y (Cross Black, 64 GB)","₹10,499"
11,"realme C21Y (Cross Blue, 64 GB)","₹10,499"
12,"realme C21Y (Cross Blue, 32 GB)","₹9,499"
13,"realme C25Y (Glacier Blue, 128 GB)","₹11,999"
14,"realme C25Y (Metal Grey, 128 GB)","₹11,999"
15,"SAMSUNG Galaxy F12 (Sky Blue, 64 GB)","₹11,499"
16,"realme C21Y (Cross Black, 32 GB)","₹9,499"
17,"realme 8i (Space Black, 64 GB)","₹13,999"
18,"REDMI 9i Sport (Coral Green, 64 GB)","₹8,999"
19,"realme C25_Y (Metal Grey, 64 GB)","₹10,999"
20,"realme C25_Y (Glacier Blue, 128 GB)","₹11,999"
21,"realme C25_Y (Metal Grey, 128 GB)","₹11,999"
22,"realme C11 2021 (Cool Grey, 32 GB)","₹7,499"
23,"realme C11 2021 (Cool Blue, 32 GB)","₹7,499"
24,"realme Narzo 50i (Mint Green, 32 GB)","₹7,499"
25,"realme Narzo 50i (Carbon Black, 32 GB)","₹7,499"
26,"realme Narzo 50i (Mint Green, 64 GB)","₹8,999"
27,"realme Narzo 50i (Carbon Black, 64 GB)","₹8,999"
28,"realme Narzo 50A (Oxygen Green, 128 GB)","₹12,499"
29,"realme Narzo 50A (Oxygen Blue, 128 GB)","₹12,499"
30,"realme Narzo 50A (Oxygen Blue, 64 GB)","₹11,549"
31,"realme Narzo 50A (Oxygen Green, 64 GB)","₹11,549"
32,"realme C21Y (Cross Black, 64 GB)","₹10,499"
33,"realme C21Y (Cross Blue, 64 GB)","₹10,499"
34,"realme C21Y (Cross Blue, 32 GB)","₹9,499"
35,"realme C25Y (Metal Grey, 128 GB)","₹11,999"
36,"realme C25Y (Glacier Blue, 128 GB)","₹11,999"
37,"realme C21Y (Cross Black, 32 GB)","₹9,499"
38,"realme 8i (Space Black, 64 GB)","₹13,999"
39,"realme C25_Y (Metal Grey, 64 GB)","₹10,999"
40,"realme C25_Y (Glacier Blue, 128 GB)","₹11,999"
41,"realme C25_Y (Metal Grey, 128 GB)","₹11,999"
42,"realme C11 2021 (Cool Grey, 32 GB)","₹7,499"
43,"realme C11 2021 (Cool Blue, 32 GB)","₹7,499"
44,"realme C25_Y (Glacier Blue, 64 GB)","₹10,999"
45,"realme C11 2021 (Cool Blue, 64 GB)","₹8,999"
46,"realme C11 2021 (Cool Grey, 64 GB)","₹8,999"
47,"realme 8i (Space Purple, 128 GB)","₹15,999"
48,"POCO C31 (Shadow Gray, 32 GB)","₹8,499"
49,"POCO C31 (Royal Blue, 32 GB)","₹8,499"
50,"POCO C31 (Shadow Gray, 64 GB)","₹9,499"
51,"POCO C31 (Royal Blue, 64 GB)","₹9,499"
52,"POCO M3 Pro 5G (Cool Blue, 64 GB)","₹14,499"
53,"POCO M3 Pro 5G (Power Black, 64 GB)","₹14,499"
54,"POCO M3 Pro 5G (Yellow, 128 GB)","₹16,499"
55,"POCO C3 (Lime Green, 32 GB)","₹8,499"
56,"POCO C3 (Arctic Blue, 64 GB)","₹9,499"
57,"POCO M2 Pro (Two Shades of Black, 64 GB)","₹14,999"
58,"POCO C3 (Matte Black, 64 GB)","₹9,499"
59,"POCO F3 GT (Predator Black, 128 GB)","₹28,999"
60,"POCO C3 (Arctic Blue, 32 GB)","₹8,499"
61,"POCO C3 (Matte Black, 32 GB)","₹8,499"
62,"POCO F3 GT (Gunmetal Silver, 128 GB)","₹28,999"
63,"POCO M2 Reloaded (Mostly Blue, 64 GB)","₹9,999"
64,"POCO M2 Pro (Out of the Blue, 64 GB)","₹13,999"
65,"POCO M3 Pro 5G (Yellow, 64 GB)","₹14,499"
66,"POCO M2 Pro (Green and Greener, 64 GB)","₹13,999"
67,"POCO F3 GT (Predator Black, 256 GB)","₹30,999"
68,"POCO F3 GT (Gunmetal Silver, 256 GB)","₹30,999"
69,"POCO F3 GT (Predator Black, 128 GB)","₹28,999"
70,"POCO F3 GT (Gunmetal Silver, 128 GB)","₹28,999"
71,"POCO F1 (Steel Blue, 128 GB)","₹24,999"
72,"realme Narzo 30 Pro 5G (Sword Black, 128 GB)","₹19,999"
73,"realme Narzo 30 Pro 5G (Blade Silver, 128 GB)","₹19,999"
74,"realme Narzo 30 Pro 5G (Sword Black, 64 GB)","₹16,999"
75,"realme Narzo 30 Pro 5G (Blade Silver, 64 GB)","₹16,999"
76,"realme Narzo 30 (Racing Blue, 128 GB)","₹15,499"
77,"realme Narzo 30 (Racing Silver, 128 GB)","₹15,499"
78,"realme Narzo 30 (Racing Silver, 64 GB)","₹14,499"
79,"realme Narzo 30 (Racing Silver, 64 GB)","₹13,499"
80,"realme Narzo 30 (Racing Blue, 64 GB)","₹13,499"
81,"realme Narzo 50A (Oxygen Blue, 128 GB)","₹12,499"
82,"realme Narzo 50A (Oxygen Blue, 64 GB)","₹11,549"
83,"realme Narzo 50A (Oxygen Green, 64 GB)","₹11,549"
84,"realme Narzo 50i (Mint Green, 64 GB)","₹8,999"
85,"realme Narzo 50i (Carbon Black, 64 GB)","₹8,999"
86,"realme Narzo 50i (Mint Green, 32 GB)","₹7,499"
87,"realme Narzo 50i (Carbon Black, 32 GB)","₹7,499"
88,"realme Narzo 30 5G (Racing Blue, 128 GB)","₹16,999"
89,"realme Narzo 30 5G (Racing Silver, 128 GB)","₹16,999"
90,"realme Narzo 30 5G (Racing Blue, 64 GB)","₹14,999"
91,"realme Narzo 30 5G (Racing Silver, 64 GB)","₹14,999"
92,"realme Narzo 30 (Racing Blue, 64 GB)","₹14,499"
93,"realme Narzo 50A (Oxygen Green, 128 GB)","₹12,499"
94,"realme Narzo 30A (Laser Black, 64 GB)","₹9,999"
95,"realme Narzo 30A (Laser Blue, 64 GB)","₹9,999"
96,"REDMI NOTE 10 LITE (Glacier White, 128 GB)","₹14,688"
97,"REDMI Note 11T 5G (Matte black, 128 GB)","₹21,999"
98,"Redmi 9A (SeaBlue, 32 GB)","₹7,708"
99,"Redmi 9A (Midnight Black, 32 GB)","₹7,692"
100,"Redmi 9A (Nature Green, 32 GB)","₹7,689"
101,"Xiaomi 11Lite NE (Diamond Dazzle, 128 GB)","₹26,488"
102,"Redmi 9A (Midnight Black, 32 GB)","₹8,484"
103,"REDMI Note 10 lite (Glacier White, 64 GB)","₹14,990"
104,"Redmi 9A Sport (Coral Green, 32 GB)","₹8,475"
105,"Redmi 9A Sport (Metallic Blue, 32 GB)","₹8,675"
106,"Redmi 9A Sport (Coral Green, 32 GB)","₹8,098"
107,"Redmi 9A Sport (Carbon Black, 32 GB)","₹7,829"
108,"Redmi 9A Sport (Carbon Black, 32 GB)","₹8,400"
109,"REDMI Note 11T 5G (Matte black, 128 GB)","₹19,742"
110,"REDMI Note 11T 5G (Stardust White, 128 GB)","₹19,498"
111,"Redmi 9A (Nature Green, 32 GB)","₹8,543"
112,"Xiaomi 11Lite NE (Tuscany Coral, 128 GB)","₹26,418"
113,"Xiaomi 11Lite NE (Jazz Blue, 128 GB)","₹23,749"
114,"MI 11X 5G (COSMIC BLACK, 128 GB)","₹25,747"
115,"REDMI Note 11T 5G (Aquamarine Blue, 128 GB)","₹18,936"
116,"Mi 11X (Celestial Silver, 128 GB)","₹27,999"
117,"Redmi 9A (Sea Blue, 32 GB)","₹8,545"
118,"MI 11X 5G (CELESTIAL SILVER, 128 GB)","₹26,695"
119,"MI 11X 5G (LUNAR WHITE, 128 GB)","₹25,835"
120,"SAMSUNG Galaxy F12 (Sea Green, 64 GB)","₹11,499"
121,"SAMSUNG Galaxy F12 (Sky Blue, 64 GB)","₹11,499"
122,"SAMSUNG Galaxy F12 (Celestial Black, 64 GB)","₹11,499"
123,"SAMSUNG Galaxy F22 (Denim Black, 64 GB)","₹12,999"
124,"SAMSUNG Galaxy F22 (Denim Blue, 64 GB)","₹12,999"
125,"SAMSUNG Galaxy F12 (Sky Blue, 128 GB)","₹12,499"
126,"SAMSUNG Galaxy F12 (Sea Green, 128 GB)","₹12,499"
127,"SAMSUNG Galaxy F12 (Celestial Black, 128 GB)","₹12,499"
128,"SAMSUNG Galaxy F42 5G (Matte Black, 128 GB)","₹20,999"
129,"SAMSUNG Galaxy F42 5G (Matte Aqua, 128 GB)","₹20,999"
130,"SAMSUNG Galaxy F42 5G (Matte Black, 128 GB)","₹22,999"
131,"SAMSUNG Galaxy A22 5G (Violet, 128 GB)","₹18,990"
132,"SAMSUNG Galaxy M12 (White, 128 GB)","₹13,789"
133,"SAMSUNG Galaxy F42 5G (Matte Aqua, 128 GB)","₹22,999"
134,"SAMSUNG Galaxy M32 (Black, 64 GB)","₹14,749"
135,"SAMSUNG Galaxy A52 (Awesome Black, 128 GB)","₹24,668"
136,"SAMSUNG Galaxy M32 (Black, 128 GB)","₹17,945"
137,"SAMSUNG Galaxy M12 (White, 64 GB)","₹11,044"
138,SAMSUNG Metro 313 Dual Sim,"₹2,550"
139,"SAMSUNG Galaxy M12 (Blue, 64 GB)","₹11,086"
140,"SAMSUNG Galaxy M12 (Blue, 128 GB)","₹14,225"
141,"SAMSUNG Galaxy M12 (Black, 128 GB)","₹13,817"
142,"SAMSUNG Galaxy A22 5G (Mint, 128 GB)","₹21,290"
143,"SAMSUNG Galaxy A32 (Awesome Blue, 128 GB)","₹23,499"
144,"Infinix Hot 10S (Heart Of Ocean, 64 GB)","₹9,999"
145,"Infinix Smart 5A (Quetzal Cyan, 32 GB)","₹7,199"
146,"Infinix Smart 5A (Midnight Black, 32 GB)","₹7,199"
147,"Infinix Smart 5A (Ocean Wave, 32 GB)","₹7,199"
148,"Infinix Hot 10 Play (7° Purple, 64 GB)","₹9,299"
149,"Infinix Hot 11S (7° Purple, 64 GB)","₹10,999"
150,"Infinix Hot 10S (95° Black, 64 GB)","₹9,999"
151,"Infinix Hot 11S (Green Wave, 64 GB)","₹10,999"
152,"Infinix Hot 10S (Morandi Green, 64 GB)","₹10,999"
153,"Infinix Smart 5 (Aegean Blue, 32 GB)","₹7,499"
154,"Infinix Smart 5 (7 Purple, 32 GB)","₹7,499"
155,"Infinix Hot 11 (Emerald Green, 64 GB)","₹9,999"
156,"Infinix Hot 11S (Polar Black, 128 GB)","₹11,999"
157,"Infinix Note 11s (Mithril Grey, 64 GB)","₹13,999"
158,"Infinix Note 11s (Haze Green, 64 GB)","₹13,999"
159,"Infinix Note 11s Free Fire Edition (Haze Green, 128 GB)","₹15,999"
160,"Infinix Hot 11S (Green Wave, 128 GB)","₹11,999"
161,"Infinix Note 11s Free Fire Edition (Mithril Grey, 128 GB)","₹15,999"
162,"Infinix Note 10 Pro (95° Black, 256 GB)","₹16,999"
163,"Infinix Note 11 (Celestial Snow, 128 GB)","₹14,499"
164,"Infinix Note 11 (Celestial Snow, 64 GB)","₹12,499"
165,"Infinix Note 11 (Graphite Black, 128 GB)","₹14,499"
166,"Infinix Note 10 Pro (Nordic Secret, 256 GB)","₹16,999"
167,"Infinix Note 11 (Glacier Green, 128 GB)","₹14,499"
168,"APPLE iPhone 12 Mini (Black, 64 GB)","₹49,999"
169,"APPLE iPhone SE (Black, 64 GB)","₹29,999"
170,"APPLE iPhone 12 (Black, 64 GB)","₹60,099"
171,"APPLE iPhone SE (White, 64 GB)","₹29,999"
172,"APPLE iPhone 12 Mini (White, 64 GB)","₹49,999"
173,"APPLE iPhone SE (Red, 64 GB)","₹29,999"
174,"APPLE iPhone 12 Mini (Blue, 64 GB)","₹49,999"
175,"Apple iPhone XR ((PRODUCT)RED, 64 GB) (Includes EarPods, Power Adapter)","₹47,900"
176,"APPLE iPhone 12 (Blue, 128 GB)","₹64,999"
177,"APPLE iPhone SE (Black, 128 GB)","₹34,999"
178,"Apple iPhone XR (White, 64 GB) (Includes EarPods, Power Adapter)","₹47,900"
179,"APPLE iPhone SE (Red, 128 GB)","₹34,999"
180,"APPLE iPhone XR ((PRODUCT)RED, 128 GB)","₹52,900"
181,"Apple iPhone XR ((PRODUCT)RED, 128 GB) (Includes EarPods, Power Adapter)","₹52,900"
182,"APPLE iPhone SE (White, 128 GB)","₹34,999"
183,"APPLE iPhone XR (Black, 128 GB)","₹52,900"
184,"APPLE iPhone 13 (Midnight, 256 GB)","₹89,900"
185,"APPLE iPhone 13 (Midnight, 128 GB)","₹79,900"
186,"APPLE iPhone 13 (Starlight, 128 GB)","₹79,900"
187,"APPLE iPhone 13 ((PRODUCT)RED, 256 GB)","₹89,900"
188,"APPLE iPhone 13 (Pink, 128 GB)","₹79,900"
189,"APPLE iPhone 13 (Blue, 128 GB)","₹79,900"
190,"APPLE iPhone 11 (Black, 64 GB)","₹49,900"
191,"APPLE iPhone 13 Mini ((PRODUCT)RED, 128 GB)","₹69,900"
192,"vivo X70 Pro (Cosmic Black, 256 GB)","₹52,990"
193,"vivo X70 Pro (Aurora Dawn, 256 GB)","₹52,990"
194,"vivo X70 Pro (Aurora Dawn, 256 GB)","₹49,990"
195,"vivo X70 Pro (Aurora Dawn, 128 GB)","₹46,990"
196,"vivo X70 Pro+ (Enigma Black, 256 GB)","₹79,990"
197,"vivo X70 Pro (Cosmic Black, 128 GB)","₹46,990"
198,"vivo X70 Pro (Cosmic Black, 256 GB)","₹49,990"
199,"realme Narzo 50A (Oxygen Green, 128 GB)","₹12,499"
200,"realme Narzo 50A (Oxygen Blue, 128 GB)","₹12,499"
201,"realme Narzo 50A (Oxygen Blue, 64 GB)","₹11,549"
202,"realme Narzo 50A (Oxygen Green, 64 GB)","₹11,549"
203,"POCO M3 Pro 5G (Cool Blue, 64 GB)","₹14,499"
204,"POCO M3 Pro 5G (Power Black, 64 GB)","₹14,499"
205,"POCO M3 Pro 5G (Yellow, 128 GB)","₹16,499"
206,"POCO M3 Pro 5G (Yellow, 64 GB)","₹14,499"
207,"POCO M3 Pro 5G (Power Black, 128 GB)","₹16,499"
208,"POCO M3 Pro 5G (Cool Blue, 128 GB)","₹16,499"
209,"OPPO F19s (Glowing Gold, 128 GB)","₹19,390"
210,"OPPO F19s (Glowing Black, 128 GB)","₹19,990"
211,"APPLE iPhone 12 (Black, 64 GB)","₹60,099"
212,"APPLE iPhone 12 (Blue, 128 GB)","₹64,999"
213,"APPLE iPhone 12 (Blue, 64 GB)","₹60,099"
214,"APPLE iPhone 12 (White, 128 GB)","₹64,999"
215,"APPLE iPhone 12 (Black, 128 GB)","₹64,999"
216,"APPLE iPhone 12 (Red, 64 GB)","₹59,999"
217,"APPLE iPhone 12 (Purple, 128 GB)","₹64,999"
218,"APPLE iPhone 12 (Green, 128 GB)","₹64,999"
219,"APPLE iPhone 12 (White, 64 GB)","₹59,999"
220,"APPLE iPhone 12 (Green, 256 GB)","₹74,999"
221,"APPLE iPhone 12 (Red, 128 GB)","₹64,999"
222,"APPLE iPhone 12 (Blue, 256 GB)","₹74,999"
223,"APPLE iPhone 12 (Green, 64 GB)","₹60,099"
224,"APPLE iPhone 12 (Purple, 64 GB)","₹59,999"
225,"APPLE iPhone 12 (White, 256 GB)","₹74,999"
226,"APPLE iPhone 12 (Red, 256 GB)","₹74,999"
227,"APPLE iPhone 12 (Black, 256 GB)","₹74,999"
228,"APPLE iPhone 12 (Purple, 256 GB)","₹74,999"
229,"SAMSUNG Galaxy F42 5G (Matte Black, 128 GB)","₹20,999"
230,"SAMSUNG Galaxy F42 5G (Matte Aqua, 128 GB)","₹20,999"
231,"SAMSUNG Galaxy F42 5G (Matte Black, 128 GB)","₹22,999"
232,"SAMSUNG Galaxy F42 5G (Matte Aqua, 128 GB)","₹22,999"
233,"MOTOROLA Edge 20 Pro (Midnight Sky, 128 GB)","₹36,999"
234,"MOTOROLA Edge 20 Pro (Iridescent Cloud, 128 GB)","₹36,999"
235,"realme Narzo 50A (Oxygen Blue, 128 GB)","₹12,499"
236,"realme Narzo 50A (Oxygen Blue, 64 GB)","₹11,549"
237,"realme Narzo 50A (Oxygen Green, 64 GB)","₹11,549"
238,"realme Narzo 50A (Oxygen Green, 128 GB)","₹12,499"
239,"realme C11 2021 (Cool Grey, 32 GB)","₹7,499"
240,"realme C11 2021 (Cool Blue, 32 GB)","₹7,499"
241,"realme C11 2021 (Cool Blue, 64 GB)","₹8,999"
242,"realme C11 2021 (Cool Grey, 64 GB)","₹8,999"
243,"realme C21Y (Cross Black, 64 GB)","₹10,499"
244,"realme C21Y (Cross Blue, 64 GB)","₹10,499"
245,"realme C21Y (Cross Blue, 32 GB)","₹9,499"
246,"realme C21Y (Cross Black, 32 GB)","₹9,499"
247,"realme 9i (Prism Blue, 128 GB)","₹15,999"
248,"realme 9i (Prism Black, 128 GB)","₹15,999"
249,"realme 9i (Prism Blue, 64 GB)","₹13,999"
250,"realme 9i (Prism Black, 64 GB)","₹13,999"
251,"vivo V23 Pro 5G (Stardust Black, 128 GB)","₹38,990"
252,"vivo V23 Pro 5G (Sunshine Gold, 128 GB)","₹38,990"
253,"vivo V23 Pro 5G (Stardust Black, 256 GB)","₹43,990"
254,"vivo V23 Pro 5G (Sunshine Gold, 256 GB)","₹43,990"
255,"Xiaomi 11i Hypercharge 5G (Camo Green, 128 GB)","₹26,999"
256,"Xiaomi 11i Hypercharge 5G (Pacific Pearl, 128 GB)","₹26,999"
257,"Xiaomi 11i Hypercharge 5G (Purple Mist, 128 GB)","₹26,999"
258,"Xiaomi 11i Hypercharge 5G (Stealth Black, 128 GB)","₹26,999"
259,"Xiaomi 11i Hypercharge 5G (Pacific Pearl, 128 GB)","₹28,999"
260,"Xiaomi 11i Hypercharge 5G (Purple Mist, 128 GB)","₹28,999"
261,"Xiaomi 11i Hypercharge 5G (Stealth Black, 128 GB)","₹28,999"
262,"Xiaomi 11i Hypercharge 5G (Camo Green, 128 GB)","₹28,999"
263,"vivo V23 5G (Stardust Black, 256 GB)","₹34,990"
264,"vivo V23 5G (Stardust Black, 128 GB)","₹29,990"
265,"vivo V23 5G (Sunshine Gold, 256 GB)","₹34,990"
266,"vivo V23 5G (Sunshine Gold, 128 GB)","₹29,990"
267,"MOTOROLA e40 (Pink Clay, 64 GB)","₹9,999"
268,"MOTOROLA e40 (Carbon Gray, 64 GB)","₹9,999"
269,"Infinix Note 11 (Celestial Snow, 128 GB)","₹14,499"
270,"Infinix Note 11 (Celestial Snow, 64 GB)","₹12,499"
271,"Infinix Note 11 (Graphite Black, 128 GB)","₹14,499"
272,"Infinix Note 11 (Glacier Green, 128 GB)","₹14,499"
273,"Infinix Note 11 (Graphite Black, 64 GB)","₹12,499"
274,"Infinix Note 11 (Glacier Green, 64 GB)","₹12,499"
275,"Infinix Note 11s (Mithril Grey, 64 GB)","₹13,999"
276,"Infinix Note 11s (Haze Green, 64 GB)","₹13,999"
277,"Infinix Note 11s Free Fire Edition (Mithril Grey, 128 GB)","₹15,999"
278,"Infinix Note 11s Free Fire Edition (Haze Green, 128 GB)","₹15,999"
279,"MOTOROLA g31 (Baby Blue, 64 GB)","₹12,999"
280,"MOTOROLA g31 (Meteorite Grey, 64 GB)","₹12,999"
281,"MOTOROLA g31 (Meteorite Grey, 128 GB)","₹14,999"
282,"MOTOROLA g31 (Baby Blue, 128 GB)","₹14,999"
283,"MOTOROLA G51 5G (Bright Silver, 64 GB)","₹14,999"
284,"MOTOROLA G51 5G (Indigo Blue, 64 GB)","₹14,999"
285,"MOTOROLA e40 (Pink Clay, 64 GB)","₹9,999"
286,"MOTOROLA e40 (Carbon Gray, 64 GB)","₹9,999"
287,"Infinix Note 11 (Celestial Snow, 128 GB)","₹14,499"
288,"Infinix Note 11 (Celestial Snow, 64 GB)","₹12,499"
289,"Infinix Note 11 (Graphite Black, 128 GB)","₹14,499"
290,"Infinix Note 11 (Glacier Green, 128 GB)","₹14,499"
291,"Infinix Note 11 (Graphite Black, 64 GB)","₹12,499"
292,"Infinix Note 11 (Glacier Green, 64 GB)","₹12,499"
293,"APPLE iPhone 12 Mini (Black, 64 GB)","₹49,999"
294,"APPLE iPhone 12 Mini (White, 64 GB)","₹49,999"
295,"APPLE iPhone 12 Mini (Blue, 64 GB)","₹49,999"
296,"APPLE iPhone 12 Mini (Black, 256 GB)","₹64,999"
297,"APPLE iPhone 12 Mini (Red, 256 GB)","₹64,999"
298,"APPLE iPhone 12 Mini (Blue, 256 GB)","₹64,999"
299,"APPLE iPhone 12 Mini (Green, 256 GB)","₹64,999"
300,"APPLE iPhone 12 Mini (Green, 128 GB)","₹54,999"
301,"APPLE iPhone 12 Mini (Green, 64 GB)","₹49,999"
302,"APPLE iPhone 12 Mini (Blue, 128 GB)","₹54,999"
303,"APPLE iPhone 12 Mini (Black, 128 GB)","₹54,999"
304,"APPLE iPhone 12 Mini (White, 256 GB)","₹64,999"
305,"APPLE iPhone 12 Mini (White, 128 GB)","₹54,999"
306,"APPLE iPhone 12 Mini (Red, 128 GB)","₹54,999"
307,"APPLE iPhone 12 Mini (Red, 64 GB)","₹49,999"
308,"Infinix Hot 10 Play (Aegean Blue, 32 GB)","₹8,299"
309,"Infinix Hot 10 Play (Morandi Green, 32 GB)","₹8,299"
310,"Infinix Hot 10 Play (7° Purple, 32 GB)","₹8,299"
311,"Infinix Hot 10 Play (7° Purple, 64 GB)","₹9,299"
312,"Infinix Hot 10 Play (Obsidian Black, 32 GB)","₹8,299"
313,"Infinix Hot 10 Play (Aegean Blue, 64 GB)","₹9,299"
314,"Infinix Hot 10 Play (Morandi Green, 64 GB)","₹9,299"
315,"Infinix Hot 10 Play (Obsidian Black, 64 GB)","₹9,299"
316,"MOTOROLA G60 (Dynamic Gray, 128 GB)","₹17,999"
317,"MOTOROLA G60 (Frosted Champagne, 128 GB)","₹17,999"
318,"APPLE iPhone SE (Black, 64 GB)","₹29,999"
319,"APPLE iPhone SE (White, 64 GB)","₹29,999"
320,"APPLE iPhone SE (Red, 64 GB)","₹29,999"
321,"APPLE iPhone SE (Black, 128 GB)","₹34,999"
322,"APPLE iPhone SE (Red, 128 GB)","₹34,999"
323,"APPLE iPhone SE (White, 128 GB)","₹34,999"
324,"APPLE iPhone SE (White, 256 GB)","₹44,999"
325,"APPLE iPhone SE (Red, 256 GB)","₹44,999"
326,"APPLE iPhone SE (Black, 256 GB)","₹44,999"
327,"Apple iPhone SE (White, 256 GB) (Includes EarPods, Power Adapter)","₹44,999"
328,"Apple iPhone SE (White, 64 GB) (Includes EarPods, Power Adapter)","₹29,999"
329,"Apple iPhone SE (White, 128 GB) (Includes EarPods, Power Adapter)","₹34,999"
330,"Apple iPhone SE (Red, 128 GB) (Includes EarPods, Power Adapter)","₹34,999"
331,"Apple iPhone SE (Black, 64 GB) (Includes EarPods, Power Adapter)","₹29,999"
332,"Apple iPhone SE (Black, 256 GB) (Includes EarPods, Power Adapter)","₹44,999"
333,"Apple iPhone SE (Red, 64 GB) (Includes EarPods, Power Adapter)","₹29,999"
334,"Apple iPhone SE (Black, 128 GB) (Includes EarPods, Power Adapter)","₹34,999"
335,"Apple iPhone SE (Red, 256 GB) (Includes EarPods, Power Adapter)","₹44,999"
336,"realme Narzo 50i (Carbon Black, 32 GB)","₹7,499"
337,"realme Narzo 50i (Mint Green, 32 GB)","₹7,499"
338,"realme Narzo 50i (Mint Green, 64 GB)","₹8,999"
339,"realme Narzo 50i (Carbon Black, 64 GB)","₹8,999"
340,"REDMI 9i Sport (Coral Green, 64 GB)","₹8,999"
341,"REDMI 9i Sport (Metallic Blue, 64 GB)","₹8,999"
342,"REDMI 9i Sport (Carbon Black, 64 GB)","₹8,999"
343,"REDMI 9i Sport (Coral Green, 128 GB)","₹10,999"
344,"REDMI 9i Sport (Carbon Black, 128 GB)","₹10,999"
345,"REDMI 9i Sport (Metallic Blue, 128 GB)","₹10,999"
346,"realme C25Y (Metal Grey, 128 GB)","₹11,999"
347,"realme C25Y (Glacier Blue, 128 GB)","₹11,999"
348,"realme C25_Y (Glacier Blue, 64 GB)","₹10,999"
349,"realme C25_Y (Metal Grey, 64 GB)","₹10,999"
350,"realme C25_Y (Glacier Blue, 128 GB)","₹11,999"
351,"realme C25_Y (Metal Grey, 128 GB)","₹11,999"
352,"realme C25Y (Glacier Blue, 64 GB)","₹10,999"
353,"realme C25Y (Metal Grey, 64 GB)","₹10,999"
354,"OPPO A53s 5G (Ink Black, 128 GB)","₹15,990"
355,"OPPO A53s 5G (Crystal Blue, 128 GB)","₹17,990"
356,"OPPO A53s 5G (Ink Black, 128 GB)","₹17,990"
357,"OPPO A53s 5G (Crystal Blue, 128 GB)","₹15,990"
358,"realme 8 (Cyber Black, 128 GB)","₹16,999"
359,"realme 8 (Cyber Silver, 128 GB)","₹17,999"
360,"realme 8 (Cyber Black, 128 GB)","₹17,999"
361,"realme 8 (Cyber Silver, 128 GB)","₹16,999"
362,"realme GT Master Edition (Cosmos Black, 128 GB)","₹25,999"
363,"realme GT Master Edition (Daybreak Blue, 128 GB)","₹25,999"
364,"realme GT Master Edition (Cosmos Black, 128 GB)","₹27,999"
365,"realme GT Master Edition (Luna White, 128 GB)","₹27,999"
366,"realme GT Master Edition (Voyager Grey, 256 GB)","₹29,999"
367,"realme GT Master Edition (Cosmos Black, 256 GB)","₹29,999"
368,"realme GT Master Edition (Luna White, 256 GB)","₹29,999"
369,"realme GT Master Edition (Daybreak Blue, 256 GB)","₹29,999"
370,"realme 3 (Radiant Blue, 32 GB)","₹10,999"
371,"realme 3 (Dynamic Black, 32 GB)","₹10,999"
372,"realme 3 (Radiant Blue, 64 GB)","₹11,999"
373,"realme 3 (Dynamic Black, 64 GB)","₹11,999"
374,"realme 3 (Black, 32 GB)","₹10,999"
375,"realme 3 (Diamond Red, 32 GB)","₹10,999"
376,"realme 3 (Black, 64 GB)","₹12,999"
377,"realme 3 (Dynamic Black, 64 GB)","₹12,999"
378,"realme 3 (Radiant Blue, 64 GB)","₹12,999"
379,"realme 3 (Diamond Red, 64 GB)","₹12,999"
380,"ASUS ZenFone Max M2 (Black, 32 GB)","₹12,999"
381,"ASUS ZenFone Max M2 (Black, 64 GB)","₹14,999"
382,"ASUS ROG Phone 5 (Black, 128 GB)","₹49,999"
383,"ASUS Zenfone Max Pro M1 (Grey, 64 GB)","₹17,999"
384,"ASUS ZenFone 5Z (Meteor Silver, 256 GB)","₹43,999"
385,"ASUS ZenFone Max M2 (Blue, 32 GB)","₹12,999"
386,"ASUS Zenfone 3 (White, 32 GB)","₹22,999"
387,"ASUS ZenFone 5Z (Midnight Blue, 128 GB)","₹36,299"
388,"ASUS 6Z (Black, 64 GB)","₹35,999"
389,"ASUS ZenFone Max M1 (Black, 64 GB)","₹9,599"
390,"ASUS Zenfone Max Pro M1 (Black, 32 GB)","₹13,199"
391,"ASUS Zenfone Max Pro M1 (Grey, 32 GB)","₹13,199"
392,"ASUS Zenfone Go 5.0 (Black, 8 GB)","₹7,999"
393,"ASUS Zenfone Max ZC550KL (Blue, 32 GB)","₹14,499"
394,"ASUS ZenFone Max M2 (Silver, 64 GB)","₹14,999"
395,"ASUS Zenfone Go 4.5 (Pink, 8 GB)","₹5,299"
396,"ASUS Zenfone Go 4.5 (Black, 8 GB)","₹5,299"
397,"ASUS ZenFone Max M2 (Blue, 64 GB)","₹14,999"
398,"ASUS Zenfone Max (Black, 32 GB)","₹9,999"
399,"ASUS ZenFone Max M2 (Silver, 32 GB)","₹12,999"
400,"ASUS Zenfone Go (3rd Gen) (Gold, 16 GB)","₹8,999"
401,"ASUS Zenfone Go (Silver, 8 GB)","₹5,299"
402,"ASUS ZenFone Lite L1 (Black, 16 GB)","₹7,199"
403,"ASUS Zenfone Go (Gold, 8 GB)","₹5,299"
404,"realme Narzo 50i (Mint Green, 32 GB)","₹7,499"
405,"realme Narzo 50i (Carbon Black, 32 GB)","₹7,499"
406,"realme Narzo 50i (Mint Green, 64 GB)","₹8,999"
407,"realme Narzo 50i (Carbon Black, 64 GB)","₹8,999"
408,"realme Narzo 50A (Oxygen Green, 128 GB)","₹12,499"
409,"realme Narzo 50A (Oxygen Blue, 128 GB)","₹12,499"
410,"realme Narzo 50A (Oxygen Blue, 64 GB)","₹11,549"
411,"realme Narzo 50A (Oxygen Green, 64 GB)","₹11,549"
412,"realme C21Y (Cross Black, 64 GB)","₹10,499"
413,"realme C21Y (Cross Blue, 64 GB)","₹10,499"
414,"realme C21Y (Cross Blue, 32 GB)","₹9,499"
415,"realme C25Y (Metal Grey, 128 GB)","₹11,999"
416,"realme C25Y (Glacier Blue, 128 GB)","₹11,999"
417,"realme C21Y (Cross Black, 32 GB)","₹9,499"
418,"realme 8i (Space Black, 64 GB)","₹13,999"
419,"realme C25_Y (Metal Grey, 64 GB)","₹10,999"
420,"realme C25_Y (Glacier Blue, 128 GB)","₹11,999"
421,"realme C25_Y (Metal Grey, 128 GB)","₹11,999"
422,"realme C11 2021 (Cool Grey, 32 GB)","₹7,499"
423,"realme C11 2021 (Cool Blue, 32 GB)","₹7,499"
424,"realme C25_Y (Glacier Blue, 64 GB)","₹10,999"
425,"realme C11 2021 (Cool Blue, 64 GB)","₹8,999"
426,"realme C11 2021 (Cool Grey, 64 GB)","₹8,999"
427,"realme 8i (Space Purple, 128 GB)","₹15,999"
428,"APPLE iPhone 12 Mini (Black, 64 GB)","₹49,999"
429,"APPLE iPhone SE (Black, 64 GB)","₹29,999"
430,"APPLE iPhone 12 (Black, 64 GB)","₹60,099"
431,"APPLE iPhone SE (White, 64 GB)","₹29,999"
432,"APPLE iPhone 12 Mini (White, 64 GB)","₹49,999"
433,"APPLE iPhone SE (Red, 64 GB)","₹29,999"
434,"APPLE iPhone 12 Mini (Blue, 64 GB)","₹49,999"
435,"Apple iPhone XR ((PRODUCT)RED, 64 GB) (Includes EarPods, Power Adapter)","₹47,900"
436,"APPLE iPhone 12 (Blue, 128 GB)","₹64,999"
437,"APPLE iPhone SE (Black, 128 GB)","₹34,999"
438,"Apple iPhone XR (White, 64 GB) (Includes EarPods, Power Adapter)","₹47,900"
439,"APPLE iPhone SE (Red, 128 GB)","₹34,999"
440,"APPLE iPhone XR ((PRODUCT)RED, 128 GB)","₹52,900"
441,"Apple iPhone XR ((PRODUCT)RED, 128 GB) (Includes EarPods, Power Adapter)","₹52,900"
442,"APPLE iPhone SE (White, 128 GB)","₹34,999"
443,"APPLE iPhone XR (Black, 128 GB)","₹52,900"
444,"APPLE iPhone 13 (Midnight, 256 GB)","₹89,900"
445,"APPLE iPhone 13 (Midnight, 128 GB)","₹79,900"
446,"APPLE iPhone 13 (Starlight, 128 GB)","₹79,900"
447,"APPLE iPhone 13 ((PRODUCT)RED, 256 GB)","₹89,900"
448,"APPLE iPhone 13 (Pink, 128 GB)","₹79,900"
449,"APPLE iPhone 11 (Black, 64 GB)","₹49,900"
450,"APPLE iPhone 13 (Blue, 128 GB)","₹79,900"
451,"APPLE iPhone 13 Mini ((PRODUCT)RED, 128 GB)","₹69,900"
452,"Google Pixel XL (Very Silver, 128 GB)","₹76,000"
453,"Google Pixel (Very Silver, 32 GB)","₹57,000"
454,"Google Pixel (Quite Black, 32 GB)","₹57,000"
455,"Google Pixel (Quite Black, 128 GB)","₹66,000"
456,"Google Pixel XL (Very Silver, 32 GB)","₹39,000"
457,"Google Pixel (Very Silver, 128 GB)","₹41,000"
458,"Google Pixel XL (Quite Black, 32 GB)","₹39,599"
459,"Google Pixel XL (Quite Black, 128 GB)","₹47,499"
460,"POCO C31 (Shadow Gray, 32 GB)","₹8,499"
461,"POCO C31 (Royal Blue, 32 GB)","₹8,499"
462,"POCO C31 (Shadow Gray, 64 GB)","₹9,499"
463,"POCO C31 (Royal Blue, 64 GB)","₹9,499"
464,"POCO M3 Pro 5G (Power Black, 64 GB)","₹14,499"
465,"POCO M3 Pro 5G (Yellow, 128 GB)","₹16,499"
466,"POCO C3 (Lime Green, 32 GB)","₹8,499"
467,"POCO C3 (Arctic Blue, 64 GB)","₹9,499"
468,"POCO M2 Pro (Two Shades of Black, 64 GB)","₹14,999"
469,"POCO C3 (Matte Black, 64 GB)","₹9,499"
470,"POCO F3 GT (Predator Black, 128 GB)","₹28,999"
471,"POCO C3 (Arctic Blue, 32 GB)","₹8,499"
472,"POCO C3 (Matte Black, 32 GB)","₹8,499"
473,"POCO F3 GT (Gunmetal Silver, 128 GB)","₹28,999"
474,"POCO M2 Reloaded (Mostly Blue, 64 GB)","₹9,999"
475,"POCO M2 Pro (Out of the Blue, 64 GB)","₹13,999"
476,"POCO M3 Pro 5G (Yellow, 64 GB)","₹14,499"
477,"POCO M2 Pro (Green and Greener, 64 GB)","₹13,999"
478,"POCO F3 GT (Predator Black, 256 GB)","₹30,999"
479,"POCO F3 GT (Gunmetal Silver, 256 GB)","₹30,999"
480,"POCO F3 GT (Predator Black, 128 GB)","₹28,999"
481,"POCO F3 GT (Gunmetal Silver, 128 GB)","₹28,999"
482,"POCO F1 (Steel Blue, 128 GB)","₹24,999"
483,"POCO F1 (Steel Blue, 64 GB)","₹21,999"
484,"REDMI NOTE 10 LITE (Glacier White, 128 GB)","₹14,688"
485,"REDMI Note 11T 5G (Matte black, 128 GB)","₹22,400"
486,"Redmi 9A (SeaBlue, 32 GB)","₹7,708"
487,"Redmi 9A (Midnight Black, 32 GB)","₹7,692"
488,"Redmi 9A (Nature Green, 32 GB)","₹7,689"
489,"Xiaomi 11Lite NE (Diamond Dazzle, 128 GB)","₹26,488"
490,"Redmi 9A (Midnight Black, 32 GB)","₹8,484"
491,"REDMI Note 10 lite (Glacier White, 64 GB)","₹14,990"
492,"Redmi 9A Sport (Coral Green, 32 GB)","₹8,475"
493,"Redmi 9A Sport (Metallic Blue, 32 GB)","₹8,675"
494,"Redmi 9A Sport (Coral Green, 32 GB)","₹8,098"
495,"Redmi 9A Sport (Carbon Black, 32 GB)","₹7,829"
496,"Redmi 9A Sport (Carbon Black, 32 GB)","₹8,400"
497,"REDMI Note 11T 5G (Matte black, 128 GB)","₹19,742"
498,"REDMI Note 11T 5G (Stardust White, 128 GB)","₹19,498"
499,"Redmi 9A (Nature Green, 32 GB)","₹8,543"
500,"Xiaomi 11Lite NE (Tuscany Coral, 128 GB)","₹26,418"
501,"Xiaomi 11Lite NE (Jazz Blue, 128 GB)","₹23,749"
502,"MI 11X 5G (COSMIC BLACK, 128 GB)","₹25,747"
503,"REDMI Note 11T 5G (Aquamarine Blue, 128 GB)","₹18,936"
504,"Mi 11X (Celestial Silver, 128 GB)","₹27,999"
505,"Redmi 9A (Sea Blue, 32 GB)","₹8,545"
506,"MI 11X 5G (CELESTIAL SILVER, 128 GB)","₹26,695"
507,"MI 11X 5G (LUNAR WHITE, 128 GB)","₹25,835"
508,"IQOO 3 (Quantum Silver, 128 GB)","₹37,990"
509,"IQOO 3 (Tornado Black, 128 GB)","₹37,990"
510,"IQOO 3 (Quantum Silver, 256 GB)","₹40,990"
511,"IQOO 3 (5G) (Tornado Black, 256 GB)","₹46,990"
512,"IQOO 3 (Tornado Black, 256 GB)","₹40,990"
513,"OnePlus One (Silk White, 16 GB)","₹18,998"
514,"iball Andi 4P Class X (White & Silver, 8 GB)","₹3,000"
515,"LG L90 Dual (White, 8 GB)","₹15,532"
516,"GIONEE Pioneer P3 (White, 4 GB)","₹6,500"
517,"ASUS Padfone Mini (White, 8 GB)","₹12,999"
518,"TCL L7 (Black, 32 GB)","₹4,999"
519,"Coolpad Mega 5S (Gold, 64 GB)","₹6,850"
520,"SAMSUNG Galaxy J6 (Blue, 32 GB)","₹11,099"
521,"SAMSUNG Galaxy On Nxt (Gold, 64 GB)","₹17,900"
522,"Redmi Note 4 (Gold, 32 GB)","₹10,599"
523,"Itel A62 (Champagne Gold, 16 GB)","₹6,999"
524,"Moto X Play(With Turbo Charger) (White, 16 GB)","₹18,499"
525,"APPLE iPhone 6s Plus (Rose Gold, 32 GB)","₹34,900"
526,"APPLE iPhone 8 Plus (Gold, 64 GB)","₹49,900"
527,"APPLE iPhone 8 Plus (Silver, 256 GB)","₹84,900"
528,"Itel A62 (Bordeaux Red, 16 GB)","₹6,500"
529,"HTC U11 (Solar Red, 128 GB)","₹53,990"
530,"SAMSUNG Galaxy On6 (Black, 64 GB)","₹17,600"
531,"SAMSUNG Galaxy On Nxt (Black, 64 GB)","₹17,900"
532,"KARBONN Titanium Jumbo 2 (Black, 16 GB)","₹8,226"
533,"SAMSUNG Galaxy J4 (Black, 16 GB)","₹8,990"
534,"Ismart Bolt (Matte Black, 16 GB)","₹5,139"
535,"SAMSUNG Galaxy On6 (Blue, 64 GB)","₹17,600"
536,"SAMSUNG Galaxy J7 Nxt (Black, 32 GB)","₹14,995"
537,"OPPO F3 Deepika Padukone Limited Edition (Rose Gold, 64 GB)","₹17,000"
538,"YU Yunicorn (Rush Silver, 32 GB)","₹14,999"
539,"OPPO F1 Plus (Gold, 64 GB)","₹27,500"
540,"Moto E4 Plus (Fine Gold, 32 GB)","₹9,999"
541,"SAMSUNG Galaxy J6 (Black, 64 GB)","₹14,990"
542,"APPLE iPhone SE (Black, 64 GB)","₹29,999"
543,"APPLE iPhone SE (White, 64 GB)","₹29,999"
544,"APPLE iPhone SE (Red, 64 GB)","₹29,999"
545,"APPLE iPhone SE (Black, 128 GB)","₹34,999"
546,"APPLE iPhone SE (Red, 128 GB)","₹34,999"
547,"APPLE iPhone SE (White, 128 GB)","₹34,999"
548,"APPLE iPhone SE (White, 256 GB)","₹44,999"
549,"APPLE iPhone SE (Black, 256 GB)","₹44,999"
550,"APPLE iPhone SE (Red, 256 GB)","₹44,999"
551,"APPLE iPhone 6s (Space Grey, 32 GB)","₹25,299"
552,"Apple iPhone SE (White, 256 GB) (Includes EarPods, Power Adapter)","₹44,999"
553,"APPLE iPhone 6s (Silver, 32 GB)","₹25,299"
554,"APPLE iPhone 8 (Gold, 64 GB)","₹38,999"
555,"Itel A21 (Black & Gold, 8 GB)","₹5,349"
556,"APPLE iPhone 6 (Space Grey, 16 GB)","₹52,000"
557,"KARBONN A9 Indian 4G VoLTE (Black & Champagne, 8 GB)","₹5,144"
558,"APPLE iPhone 8 (Gold, 256 GB)","₹77,000"
559,"SAMSUNG Galaxy J2 (White, 8 GB)","₹6,799"
560,"APPLE iPhone 8 (Silver, 256 GB)","₹77,000"
561,"Micromax Vdeo 2 (Grey, 8 GB)","₹4,990"
562,"APPLE iPhone 8 (Space Grey, 256 GB)","₹77,000"
563,"APPLE iPhone 6s (Rose Gold, 32 GB)","₹25,299"
564,"APPLE iPhone 6s (Gold, 32 GB)","₹25,299"
565,"KARBONN Titanium S4 (White, 4 GB)","₹14,990"
566,"APPLE iPhone 12 Mini (Black, 64 GB)","₹49,999"
567,"APPLE iPhone 12 Mini (Blue, 64 GB)","₹49,999"
568,"Nokia C01 Plus (Grey, 16 GB)","₹6,490"
569,"Jio JIOPHONE NEXT (Black, 32 GB)","₹6,490"
570,"Jio JIOPHONE NEXT (Blue, 32 GB)","₹6,449"
571,"APPLE iPhone 13 Mini ((PRODUCT)RED, 128 GB)","₹69,900"
572,"APPLE iPhone 12 Mini (Black, 256 GB)","₹64,999"
573,"APPLE iPhone 13 Mini (Midnight, 256 GB)","₹79,900"
574,"KARBONN X21 (Midnight Blue, 32 GB)","₹5,990"
575,"APPLE iPhone 13 Mini (Pink, 256 GB)","₹79,900"
576,"APPLE iPhone 13 Mini (Blue, 256 GB)","₹79,900"
577,"APPLE iPhone 13 Mini (Midnight, 128 GB)","₹69,900"
578,"APPLE iPhone 12 Mini (Red, 256 GB)","₹64,999"
579,"APPLE iPhone 13 Mini ((PRODUCT)RED, 256 GB)","₹79,900"
580,"APPLE iPhone 13 Mini (Pink, 512 GB)","₹99,900"
581,"APPLE iPhone 13 Mini (Starlight, 128 GB)","₹69,900"
582,"APPLE iPhone 12 Mini (Purple, 256 GB)","₹64,999"
583,"APPLE iPhone 13 Mini (Starlight, 512 GB)","₹99,900"
584,"YU Ace (Charcoal Grey, 16 GB)","₹7,999"
585,"APPLE iPhone 13 Mini (Midnight, 512 GB)","₹99,900"
586,"Redmi 7A (Matte Black, 32 GB)","₹6,999"
587,"APPLE iPhone 12 Mini (Green, 256 GB)","₹64,999"
588,"Redmi 6 (Black, 32 GB)","₹8,899"
589,"APPLE iPhone 13 Mini ((PRODUCT)RED, 512 GB)","₹99,900"
590,Kechaoda K108,"₹1,779"
591,Kechaoda K70,"₹1,479"
592,"HPL A35 (Black, 512 MB)","₹1,190"
593,Kechaoda K70,"₹1,479"
594,Kechaoda K108,"₹1,820"
595,Kechaoda K90,"₹1,488"
596,"realme Narzo 50i (Carbon Black, 32 GB)","₹7,499"
597,"realme Narzo 50i (Mint Green, 32 GB)","₹7,499"
598,"realme Narzo 50i (Carbon Black, 64 GB)","₹8,999"
599,"realme Narzo 50i (Mint Green, 64 GB)","₹8,999"
600,"SAMSUNG Galaxy F12 (Sea Green, 64 GB)","₹11,499"
601,"realme Narzo 50A (Oxygen Green, 64 GB)","₹11,549"
602,"realme Narzo 50A (Oxygen Blue, 64 GB)","₹11,549"
603,"realme Narzo 50A (Oxygen Blue, 128 GB)","₹12,499"
604,"realme Narzo 50A (Oxygen Green, 128 GB)","₹12,499"
605,"REDMI 9i Sport (Carbon Black, 64 GB)","₹8,999"
606,"realme 8i (Space Black, 64 GB)","₹13,999"
607,"realme C25_Y (Metal Grey, 64 GB)","₹10,999"
608,"realme C25_Y (Glacier Blue, 128 GB)","₹11,999"
609,"realme C25_Y (Metal Grey, 128 GB)","₹11,999"
610,"realme C11 2021 (Cool Grey, 32 GB)","₹7,499"
611,"realme C11 2021 (Cool Blue, 32 GB)","₹7,499"
612,"REDMI 9i Sport (Metallic Blue, 64 GB)","₹8,999"
613,"SAMSUNG Galaxy F12 (Celestial Black, 64 GB)","₹11,499"
614,"REDMI 9i (Sea Blue, 64 GB)","₹8,999"
615,"REDMI 9i Sport (Coral Green, 64 GB)","₹8,999"
616,"OPPO A12 (Flowing Silver, 64 GB)","₹10,490"
617,"OPPO A12 (Black, 32 GB)","₹9,490"
618,"realme C25_Y (Glacier Blue, 64 GB)","₹10,999"
619,"realme C11 2021 (Cool Grey, 64 GB)","₹8,999"
620,Itel IT 7100,"₹1,650"
621,"SAMSUNG Galaxy S6 Edge (Black Sapphire, 32 GB)","₹37,299"
622,"realme C21Y (Cross Blue, 32 GB)","₹9,499"
623,"realme C21Y (Cross Black, 32 GB)","₹9,499"
624,"OPPO A12 (Black, 32 GB)","₹9,490"
625,"OPPO A12 (Blue, 32 GB)","₹9,490"
626,"OPPO A12 (Deep Blue, 32 GB)","₹9,490"
627,"Infinix Hot 10 Play (Morandi Green, 32 GB)","₹8,299"
628,"Infinix Hot 10 Play (7° Purple, 32 GB)","₹8,299"
629,"Infinix Hot 10 Play (Aegean Blue, 32 GB)","₹8,299"
630,"POCO C31 (Shadow Gray, 32 GB)","₹8,499"
631,"POCO C31 (Royal Blue, 32 GB)","₹8,499"
632,"OPPO A12 (Flowing Silver, 32 GB)","₹9,490"
633,"OPPO A33 (Moonlight Black, 32 GB)","₹10,490"
634,"OPPO A33 (Mint Cream, 32 GB)","₹10,490"
635,"vivo Y12G (Phantom Black, 32 GB)","₹10,990"
636,"vivo Y1s (Olive Black, 32 GB)","₹9,490"
637,"vivo Y12G (Glacier Blue, 32 GB)","₹10,990"
638,"vivo Y12G (Phantom Black, 64 GB)","₹11,990"
639,"POCO C3 (Lime Green, 32 GB)","₹8,499"
640,"vivo Y1s (Aurora Blue, 32 GB)","₹9,490"
641,"realme C21 (Cross Black, 32 GB)","₹9,499"
642,"GIONEE Max Pro (Blue, 32 GB)","₹7,299"
643,"LAVA Z3 (Striped Cyan, 32 GB)","₹7,499"
644,"LAVA Z3 (Striped Blue, 32 GB)","₹7,499"
645,"Itel Vision1 (Gradation Green, 32 GB)","₹6,999"
646,"realme Narzo 50i (Mint Green, 32 GB)","₹7,499"
647,"realme Narzo 50i (Carbon Black, 32 GB)","₹7,499"
648,"realme C11 2021 (Cool Grey, 32 GB)","₹7,499"
649,"realme C11 2021 (Cool Blue, 32 GB)","₹7,499"
650,"Infinix Smart 5A (Quetzal Cyan, 32 GB)","₹7,199"
651,"Infinix Smart 5A (Midnight Black, 32 GB)","₹7,199"
652,"Infinix Smart 5A (Ocean Wave, 32 GB)","₹7,199"
653,"Infinix Smart 5 (Morandi Green, 32 GB)","₹7,499"
654,"Infinix Smart 5 (7 Purple, 32 GB)","₹7,499"
655,"Infinix Smart 5 (Obsidian Black, 32 GB)","₹7,499"
656,"Infinix Smart 5 (Aegean Blue, 32 GB)","₹7,499"
657,"GIONEE Max (Royal Blue, 32 GB)","₹6,299"
658,"GIONEE Max (Black, 32 GB)","₹6,299"
659,"GIONEE Max (Red, 32 GB)","₹6,299"
660,"Tecno spark 7 (spruce green, 32 GB)","₹8,140"
661,"Tecno spark 7 (morpheus blue, 32 GB)","₹7,833"
662,"realme C20 (Cool Blue, 32 GB)","₹7,999"
663,"realme C20 (Cool Grey, 32 GB)","₹7,999"
664,"Itel A48 (Gradation Green, 32 GB)","₹6,107"
665,"Itel A48 (Gradation Black, 32 GB)","₹6,199"
666,"Nokia C01 Plus (Grey, 16 GB)","₹6,490"
667,"Redmi 9A (SeaBlue, 32 GB)","₹7,708"
668,"Redmi 9A (Midnight Black, 32 GB)","₹7,692"
669,"Redmi 9A (Nature Green, 32 GB)","₹7,689"
670,"realme Narzo 50i (Mint Green, 64 GB)","₹8,999"
671,"realme Narzo 50i (Carbon Black, 64 GB)","₹8,999"
672,"SAMSUNG Galaxy F12 (Sea Green, 64 GB)","₹11,499"
673,"realme Narzo 50A (Oxygen Blue, 128 GB)","₹12,499"
674,"realme Narzo 50A (Oxygen Blue, 64 GB)","₹11,549"
675,"realme Narzo 50A (Oxygen Green, 64 GB)","₹11,549"
676,"realme C21Y (Cross Black, 64 GB)","₹10,499"
677,"realme C21Y (Cross Blue, 64 GB)","₹10,499"
678,"realme C25Y (Metal Grey, 128 GB)","₹11,999"
679,"realme C25Y (Glacier Blue, 128 GB)","₹11,999"
680,"SAMSUNG Galaxy F12 (Sky Blue, 64 GB)","₹11,499"
681,"realme 8i (Space Black, 64 GB)","₹13,999"
682,"REDMI 9i Sport (Coral Green, 64 GB)","₹8,999"
683,"realme C25_Y (Glacier Blue, 64 GB)","₹10,999"
684,"realme C25_Y (Metal Grey, 64 GB)","₹10,999"
685,"realme C25_Y (Glacier Blue, 128 GB)","₹11,999"
686,"realme C25_Y (Metal Grey, 128 GB)","₹11,999"
687,"REDMI 9i Sport (Metallic Blue, 64 GB)","₹8,999"
688,"SAMSUNG Galaxy F12 (Celestial Black, 64 GB)","₹11,499"
689,"REDMI 9i (Sea Blue, 64 GB)","₹8,999"
690,"OPPO A12 (Blue, 64 GB)","₹10,490"
691,"OPPO A12 (Flowing Silver, 64 GB)","₹10,490"
692,"realme C11 2021 (Cool Blue, 64 GB)","₹8,999"
693,"REDMI 9i (Midnight Black, 64 GB)","₹8,999"
694,"Itel A23 Pro (Sapphire Blue, 8 GB)","₹3,848"
695,"Itel A23 Pro (Lake Blue, 8 GB)","₹3,873"
696,"Itel A25 (Gradation Purple, 16 GB)","₹4,899"
697,"Itel A25 (Gradation Blue, 16 GB)","₹4,880"
698,"Itel A25 (Gradation Green, 16 GB)","₹4,888"
699,"Itel A23 (Gradation Ice Blue, 8 GB)","₹4,099"
700,"SAMSUNG Galaxy J2 Core (Gold, 8 GB)","₹6,299"
701,"SAMSUNG Galaxy J2 Core (Black, 8 GB)","₹6,299"
702,"XOLO ERA 1X -4G with VoLTE (Gold, Chocolate Brown, 8 GB)","₹5,149"
703,"Redmi Go (Black, 8 GB)","₹5,999"
704,"Itel S21 (Gold, 16 GB)","₹5,999"
705,"Honor Holly (Black/White, 16 GB)","₹5,999"
706,"Redmi Go (Blue, 16 GB)","₹5,999"
707,"Alcatel 1 (Metallic Blue, 8 GB)","₹4,999"
708,"XOLO ERA 3 with 8 MP Selfie Camera (Slate Black,8GB)","₹5,999"
709,"iball Andi 4P Class X (White & Silver, 8 GB)","₹3,000"
710,"Itel A21 (Black & Gold, 8 GB)","₹5,349"
711,"Lenovo S930 (Silver, 8 GB)","₹13,604"
712,"KARBONN Vue 1 (Black, 8 GB)","₹5,889"
713,"SAMSUNG Galaxy J2 Core (Blue, 8 GB)","₹6,500"
714,"LAVA Z60 (Black, 16 GB)","₹6,519"
715,"KARBONN A9 Indian 4G VoLTE (Black & Champagne, 8 GB)","₹5,144"
716,"LG L90 Dual (White, 8 GB)","₹15,532"
717,"SAMSUNG Galaxy J2 (White, 8 GB)","₹6,799"
718,"realme 8i (Space Purple, 128 GB)","₹15,999"
719,"realme 8i (Space Black, 128 GB)","₹15,999"
720,"realme 8 (Cyber Black, 128 GB)","₹16,999"
721,"realme 9i (Prism Blue, 128 GB)","₹15,999"
722,"realme 9i (Prism Black, 128 GB)","₹15,999"
723,"OPPO A53s 5G (Ink Black, 128 GB)","₹15,990"
724,"MOTOROLA G60 (Dynamic Gray, 128 GB)","₹17,999"
725,"SAMSUNG Galaxy F42 5G (Matte Black, 128 GB)","₹20,999"
726,"Infinix Hot 10S (Morandi Green, 64 GB)","₹10,999"
727,"SAMSUNG Galaxy F42 5G (Matte Aqua, 128 GB)","₹20,999"
728,"POCO M3 Pro 5G (Yellow, 128 GB)","₹16,499"
729,"realme Narzo 30 (Racing Silver, 64 GB)","₹14,499"
730,"realme Narzo 30 5G (Racing Silver, 128 GB)","₹16,999"
731,"Infinix Note 11s (Mithril Grey, 64 GB)","₹13,999"
732,"Infinix Note 11s (Haze Green, 64 GB)","₹13,999"
733,"realme GT Master Edition (Luna White, 128 GB)","₹25,999"
734,"realme Narzo 30 (Racing Blue, 128 GB)","₹15,499"
735,"realme Narzo 30 (Racing Silver, 128 GB)","₹15,499"
736,"MOTOROLA G60 (Frosted Champagne, 128 GB)","₹17,999"
737,"MOTOROLA g31 (Meteorite Grey, 128 GB)","₹14,999"
738,"realme GT Master Edition (Cosmos Black, 128 GB)","₹25,999"
739,"realme GT Master Edition (Daybreak Blue, 128 GB)","₹25,999"
740,"SAMSUNG Galaxy M12 (White, 128 GB)","₹13,789"
741,"MOTOROLA Edge 20 Fusion (Cyber Teal, 128 GB)","₹21,499"
